ledger_id,entry_date,vendor,description,amount,currency,reference,account,debit,credit
L0000,2026-07-18,"Lowe, Carr and Rhodes",Managed bifurcated utilization,5188.23,USD,8C839568,Expenses,5188.23,0.0
L0001,2026-07-25,Alvarez-Burton,Universal bi-directional success,11813.75,USD,13AEB750,Expenses,11813.75,0.0
L0002,2026-06-24,clark group,Synergized multi-state intranet,3112.41,USD,39394F67,Expenses,3112.41,0.0
L0003,2026-08-04,Clark Group,Synchronized actuating system engine,12633.13,USD,2A00C46F,Expenses,12633.13,0.0
L0005,2026-08-01,Alvarez-Burton,Reverse-engineered bottom-line projection,14734.09,USD,06518DF0,Expenses,14734.09,0.0
L0006,2026-07-14,"Fernandez, Mayo and Miller",Assimilated zero administration core,11762.63,USD,FABB2E15,Expenses,11762.63,0.0
L0007,2026-07-25,Chavez-Wilson,Team-oriented encompassing hub,5126.14,USD,06E4B49D,Expenses,5126.14,0.0
L0008,2026-08-13,Edwards-Carney,Grass-roots holistic superstructure,5664.78,USD,E8D40B26,Expenses,5664.78,0.0
L0009,2026-07-14,Conley-Cochran,Object-based secondary functionalities,5064.92,USD,E5C8EDD9,Expenses,5064.92,0.0
L0010,2026-07-24,Walton-Montgomery,Phased demand-driven application,5554.69,USD,7D3920D0,Expenses,5554.69,0.0
L0011,2026-08-13,"Reynolds, Meyers and Robertson",Switchable upward-trending product,14334.92,USD,C931B160,Expenses,14334.92,0.0
L0012,2026-07-02,Calderon Inc,Right-sized responsive orchestration,2544.87,USD,16977111,Expenses,2544.87,0.0
L0013,2026-06-30,Owens-Williams,Cross-group high-level paradigm,13266.45,USD,EFDF6FF1,Expenses,13266.45,0.0
L0014,2026-07-04,Bradley Inc,Integrated asynchronous service-desk,13083.45,USD,9879EA2D,Expenses,13083.45,0.0
L0015,2026-08-11,Lam and Sons,Mandatory regional groupware,11571.81,USD,48FF8469,Expenses,11571.81,0.0
L0016,2026-08-14,Foley-Hernandez,Public-key value-added alliance,13172.55,USD,70568117,Expenses,13172.55,0.0
L0017,2026-08-06,Smith Ltd,Organic executive moderator,11770.63,USD,66C91C07,Expenses,11770.63,0.0
L0018,2026-06-30,"Curry, Mccoy and Mclean",Seamless systemic system engine,5718.18,USD,9FCBF13E,Expenses,5718.18,0.0
L0019,2026-08-13,"Jackson, Cortez and Odom",Ergonomic asymmetric hierarchy,3067.41,USD,51572FBF,Expenses,3067.41,0.0
L0020,2026-08-20,hess-hamilton,Profit-focused incremental initiative,4884.16,USD,A68A37B4,Expenses,4884.16,0.0
L0021,2026-08-01,Clark Group,Adaptive contextually-based pricing structure,12380.17,USD,AB1F3C77,Expenses,12380.17,0.0
L0022,2026-08-14,Edwards-Carney,Synergized uniform migration,595.48,USD,C6516C0D,Expenses,595.48,0.0
L0025,2026-08-14,HoodLLC,Integrated radical projection,3581.1,USD,E94C2C8C,Expenses,3581.1,0.0
L0026,2026-08-17,MicrosoftAzure,Object-based dedicated initiative,10354.13,USD,F056B1FD,Expenses,10354.13,0.0
L0027,2026-08-02,Wood-Shelton,Public-key zero administration definition,9955.18,USD,0DDDEB94,Expenses,9955.18,0.0
L0028,2026-07-06,Peterson-Joseph,User-friendly contextually-based data-warehouse,124.18,USD,1551BCA0,Expenses,124.18,0.0
L0029,2026-07-14,Hood LLC,Distributed discrete process improvement,619.7,USD,A933CC64,Expenses,619.7,0.0
L0030,2026-07-31,Amazon Web Services,Inverse fresh-thinking emulation,5749.98,USD,E121DCE5,Expenses,5749.98,0.0
L0031,2026-07-29,Cruz and Sons,Reverse-engineered even-keeled knowledgebase,7111.26,USD,CE0416E8,Expenses,7111.26,0.0
L0032,2026-07-14,Williams-Allen,Persevering responsive conglomeration,4685.92,USD,0D37013B,Expenses,4685.92,0.0
L0033,2026-06-24,Jones and Sons,Reverse-engineered actuating website,10787.75,USD,BC0D3C4D,Expenses,10787.75,0.0
L0034,2026-08-01,Smith Ltd,Progressive 5thgeneration paradigm,2468.01,USD,9769577C,Expenses,2468.01,0.0
L0035,2026-08-14,"Williams, Hanson and Wong",Open-source zero tolerance capacity,10823.86,USD,4C06235D,Expenses,10823.86,0.0
L0036,2026-08-09,hughes-pierce,Adaptive global Graphical User Interface,445.57,USD,F6B24829,Expenses,445.57,0.0
L0037,2026-07-04,Microsoft Azure,Adaptive user-facing forecast,8841.89,USD,D7224355,Expenses,8841.89,0.0
L0038,2026-08-01,Clark Group,Persevering background adapter,14039.26,USD,9F6E6116,Expenses,14039.26,0.0
L0039,2026-08-14,Williams-Allen,Digitized multi-state function,14128.49,USD,B648301E,Expenses,14128.49,0.0
L0040,2026-07-28,"bowman, moore and perez",De-engineered user-facing monitoring,814.59,USD,723D37D2,Expenses,814.59,0.0
L0041,2026-08-06,Mcneil and Sons,Fundamental cohesive analyzer,2900.12,USD,4FCF4A09,Expenses,2900.12,0.0
L0042,2026-08-14,"Taylor, Lambert and Davis",Streamlined mission-critical product,1623.67,USD,99531784,Expenses,1623.67,0.0
L0043,2026-08-12,"Strickland, Pratt and King",Cross-group web-enabled open system,13570.69,USD,B56BCD9E,Expenses,13570.69,0.0
L0044,2026-08-02,Calderon Inc,Versatile non-volatile database,11168.84,USD,B5DB13C0,Expenses,11168.84,0.0
L0045,2026-08-15,"Fernandez, Mayo and Miller",Business-focused empowering capability,7655.87,USD,2F30F262,Expenses,7655.87,0.0
L0046,2026-08-18,"Hall, Nelson and Johnson",Cloned motivating encoding,12592.61,USD,CBDC1139,Expenses,12592.61,0.0
L0047,2026-08-15,"lowe, carr and rhodes",Future-proofed responsive instruction set,8913.3,USD,E0B082B2,Expenses,8913.3,0.0
L0048,2026-08-03,"reynolds, meyers and robertson",Networked system-worthy policy,3759.74,USD,3E671C4A,Expenses,3759.74,0.0
L0049,2026-06-30,Davis LLC,Switchable explicit pricing structure,5141.99,USD,DA0B28CA,Expenses,5141.99,0.0
L0050,2026-07-11,"Fernandez, Mayo and Miller",Customer-focused zero tolerance definition,1519.82,USD,C281A0C5,Expenses,1519.82,0.0
L0051,2026-07-07,Bradley Inc,Re-contextualized user-facing firmware,5707.63,USD,AE3F023A,Expenses,5707.63,0.0
L0052,2026-08-19,Wallace-Cooper,Compatible methodical contingency,12275.57,USD,07EC8B97,Expenses,12275.57,0.0
L0053,2026-08-02,"Jackson, Cortez and Odom",Synchronized discrete algorithm,13455.28,USD,7C5DF2E2,Expenses,13455.28,0.0
L0054,2026-07-01,"Lee, Ayala and Baker",Innovative encompassing open system,10879.11,USD,EC893965,Expenses,10879.11,0.0
L0055,2026-07-10,Peterson-Joseph,Reactive discrete model,1863.94,USD,61EA6629,Expenses,1863.94,0.0
L0056,2026-06-26,Rodriguez-Ellis,Extended high-level capability,846.52,USD,1C769A32,Expenses,846.52,0.0
L0057,2026-07-29,edwards-carney,Configurable even-keeled function,2767.11,USD,2DD79EAA,Expenses,2767.11,0.0
L0058,2026-08-20,Conley-Cochran,Re-engineered 6thgeneration attitude,10585.94,USD,6268C66F,Expenses,10585.94,0.0
L0060,2026-07-10,Jones and Sons,Upgradable transitional utilization,10359.78,USD,68395584,Expenses,10359.78,0.0
L0061,2026-07-19,"Carroll, Johnson and Norris",Future-proofed scalable project,12189.08,USD,66E15469,Expenses,12189.08,0.0
L0062,2026-07-02,Chavez-Wilson,Enterprise-wide heuristic artificial intelligence,10938.89,USD,C909820F,Expenses,10938.89,0.0
L0063,2026-07-10,Alvarez-Burton,Sharable context-sensitive initiative,1797.59,USD,BF7E4F19,Expenses,1797.59,0.0
L0064,2026-08-19,Conley-Cochran,Versatile user-facing installation,4480.46,USD,411F4B46,Expenses,4480.46,0.0
L0065,2026-08-13,"Carroll, Johnson and Norris",Cloned intangible system engine,10479.07,USD,04814FF3,Expenses,10479.07,0.0
L0067,2026-07-24,"Walker, Jackson and Salazar",Reduced optimal capability,7835.3,USD,08EB7D53,Expenses,7835.3,0.0
L0068,2026-07-19,Foley-Hernandez,User-centric asymmetric software,13943.83,USD,AE11F4BA,Expenses,13943.83,0.0
L0069,2026-08-19,Calderon Inc,Universal client-driven workforce,6925.23,USD,C38CBCE9,Expenses,6925.23,0.0
L0070,2026-08-13,Lam and Sons,Assimilated logistical database,10101.51,USD,EAF79A13,Expenses,10101.51,0.0
L0071,2026-07-12,Mcneil and Sons,Distributed interactive policy,3318.43,USD,9A6B2A7F,Expenses,3318.43,0.0
L0072,2026-07-07,"Anderson, Moore and Maynard",Synergized local methodology,11741.03,USD,F6603A61,Expenses,11741.03,0.0
L0073,2026-08-18,"Carroll, Johnson and Norris",Enhanced empowering access,5715.37,USD,B1A4B657,Expenses,5715.37,0.0
L0074,2026-08-14,Mata PLC,Polarized exuding time-frame,12201.79,USD,346A2570,Expenses,12201.79,0.0
L0075,2026-07-25,Garcia and Sons,Organic user-facing emulation,11534.94,USD,DE7AE933,Expenses,11534.94,0.0
L0076,2026-07-07,Daniels-Carrillo,Synchronized disintermediate firmware,12868.49,USD,2ED405B4,Expenses,12868.49,0.0
L0077,2026-08-13,Mata PLC,Reduced secondary concept,4337.38,USD,82A34C65,Expenses,4337.38,0.0
L0078,2026-08-17,Hood LLC,Innovative non-volatile challenge,10753.73,USD,0092E505,Expenses,10753.73,0.0
L0079,2026-07-15,Chavez-Wilson,Diverse upward-trending firmware,6075.66,USD,149FFA4B,Expenses,6075.66,0.0
L0080,2026-08-14,Smith Ltd,Automated maximized data-warehouse,5369.62,USD,ABB81432,Expenses,5369.62,0.0
L0081,2026-08-02,Bradley Inc,Virtual maximized emulation,8655.05,USD,3B867DB9,Expenses,8655.05,0.0
L0082,2026-07-26,Mcgrath-Braun,User-centric impactful infrastructure,1296.12,USD,FADCE953,Expenses,1296.12,0.0
L0083,2026-08-18,Lam and Sons,Extended tertiary paradigm,1278.33,USD,773DA364,Expenses,1278.33,0.0
L0085,2026-07-20,Hood LLC,Expanded empowering policy,1762.43,USD,D6C3FFD9,Expenses,1762.43,0.0
L0086,2026-08-15,Perry LLC,Secured system-worthy policy,4339.38,USD,C10514BB,Expenses,4339.38,0.0
L0087,2026-08-05,Short-Reynolds,Digitized foreground system engine,2407.82,USD,6FE90BD6,Expenses,2407.82,0.0
L0088,2026-07-21,Short-Reynolds,Seamless hybrid approach,11993.2,USD,9D6F3841,Expenses,11993.2,0.0
L0089,2026-07-12,Daniels-Carrillo,Networked uniform throughput,7017.1,USD,1B1477F9,Expenses,7017.1,0.0
L0090,2026-08-06,Digit LLC,Inverse secondary emulation,3192.44,USD,71D71D6C,Expenses,3192.44,0.0
L0091,2026-07-20,Hood LLC,Proactive national productivity,4703.17,USD,26D2A6D0,Expenses,4703.17,0.0
L0092,2026-07-21,Foley-Hernandez,Innovative zero tolerance toolset,7839.83,USD,43DC8F0F,Expenses,7839.83,0.0
L0093,2026-07-06,Clark Group,Self-enabling systematic infrastructure,11311.5,USD,4C8185B5,Expenses,11311.5,0.0
L0094,2026-06-29,Hughes-Pierce,Synergistic background forecast,14152.71,USD,1E745243,Expenses,14152.71,0.0
L0095,2026-08-17,Davis LLC,Progressive real-time productivity,4751.01,USD,F034C25D,Expenses,4751.01,0.0
L0096,2026-07-30,"Williams, Hanson and Wong",Function-based 5thgeneration success,5017.35,USD,1F1610B9,Expenses,5017.35,0.0
L0097,2026-07-11,Wallace-Cooper,Managed transitional matrices,9175.12,USD,5392AC97,Expenses,9175.12,0.0
L0098,2026-08-15,Short-Reynolds,Team-oriented executive solution,7501.31,USD,A071DB13,Expenses,7501.31,0.0
L0099,2026-07-16,Daniels-Carrillo,Focused full-range archive,2059.1,USD,AE36BCB9,Expenses,2059.1,0.0
L_DUP_0099,2026-07-16,Daniels-Carrillo,Public-key fresh-thinking hub,2059.1,USD,AE36BCB9,Expenses,2059.1,0.0
L0100,2026-07-23,Mata PLC,Innovative object-oriented interface,9766.15,USD,BCC7B4D6,Expenses,9766.15,0.0
L0101,2026-08-24,Short-Reynolds,Secured composite encoding,10372.78,USD,362E140E,Expenses,10372.78,0.0
L0102,2026-08-12,"Carroll,JohnsonandNorris",Public-key optimizing application,10101.44,USD,1AEE2399,Expenses,10101.44,0.0
L0104,2026-07-05,Clark Group,Universal modular workforce,4665.76,USD,A7F05D2B,Expenses,4665.76,0.0
L0105,2026-07-06,Amazon Web Services,Multi-layered dynamic conglomeration,6849.29,USD,F450D102,Expenses,6849.29,0.0
L0106,2026-07-09,Mcneil and Sons,Phased bi-directional superstructure,5859.67,USD,30768063,Expenses,5859.67,0.0
L0107,2026-07-02,"Reynolds, Meyers and Robertson",Object-based static database,8616.14,USD,77B6004C,Expenses,8616.14,0.0
L0108,2026-07-28,Davis LLC,User-friendly incremental solution,7915.12,USD,4FEFB229,Expenses,7915.12,0.0
L0109,2026-07-14,Mcgra LLC,Synergized local model,11050.15,USD,7216B4CE,Expenses,11050.15,0.0
L0110,2026-08-20,chavez-wilson,Profound grid-enabled time-frame,475.52,USD,A004EE1C,Expenses,475.52,0.0
L0112,2026-07-18,Mcneil and Sons,Front-line methodical moderator,7733.4,USD,D41B1DFA,Expenses,7733.4,0.0
L0113,2026-07-25,Jones and Sons,Profound asymmetric migration,4563.8,USD,6A8998B6,Expenses,4563.8,0.0
L0114,2026-07-11,"Hall, LLC",Optional fault-tolerant conglomeration,2048.64,USD,F7A894D1,Expenses,2048.64,0.0
L0115,2026-07-27,Hess-Hamilton,Organized scalable adapter,12742.55,USD,53283760,Expenses,12742.55,0.0
L0116,2026-07-02,Mcneil and Sons,Compatible didactic core,5590.27,USD,AAD46CED,Expenses,5590.27,0.0
L0118,2026-07-19,"Fernandez, Mayo and Miller",Mandatory fresh-thinking implementation,7711.76,USD,4649D364,Expenses,7711.76,0.0
L0119,2026-07-07,Elliott PLC,Versatile demand-driven interface,5736.51,USD,EE628DDA,Expenses,5736.51,0.0
L0120,2026-07-29,"Lee,AyalaandBaker",Inverse context-sensitive capability,9183.63,USD,257AC1F6,Expenses,9183.63,0.0
L0121,2026-08-02,Amazon Web Services,Profit-focused high-level core,5678.03,USD,BE4877D8,Expenses,5678.03,0.0
L0123,2026-08-21,"Lowe, Carr and Rhodes",Face-to-face directional frame,14699.01,USD,6C2A8D84,Expenses,14699.01,0.0
L0124,2026-08-04,"Bowman, Moore and Perez",Vision-oriented intermediate system engine,7383.66,USD,C16B9EEB,Expenses,7383.66,0.0
L0125,2026-07-06,Cruz and Sons,Networked maximized conglomeration,12261.14,USD,668DAAA3,Expenses,12261.14,0.0
L0126,2026-08-06,"Curry, Mccoy and Mclean",Inverse upward-trending budgetary management,14242.47,USD,650EB553,Expenses,14242.47,0.0
L0128,2026-07-09,Microsoft Azure,Upgradable system-worthy projection,6349.32,USD,AD7AD4B6,Expenses,6349.32,0.0
L_DUP_0128,2026-07-09,Microsoft Azure,Configurable impactful encryption,6349.32,USD,AD7AD4B6,Expenses,6349.32,0.0
L0130,2026-08-20,Perry LLC,Enterprise-wide context-sensitive projection,8576.92,USD,A468A0A5,Expenses,8576.92,0.0
L0131,2026-07-15,Barajas-Tanner,Distributed well-modulated intranet,9458.58,USD,46C95B43,Expenses,9458.58,0.0
L0132,2026-07-02,Perry LLC,Function-based methodical customer loyalty,7422.14,USD,AFC3AE8F,Expenses,7422.14,0.0
L0133,2026-07-27,"bowman, moore and perez",Up-sized eco-centric ability,12518.62,USD,841F0881,Expenses,12518.62,0.0
L0134,2026-07-07,Hughes-Pierce,Automated global website,5280.59,USD,E9C33069,Expenses,5280.59,0.0
L0135,2026-07-18,Mata PLC,Optional contextually-based monitoring,892.65,USD,206AC031,Expenses,892.65,0.0
L0136,2026-07-29,Daniels-Carrillo,Expanded attitude-oriented matrix,7788.32,USD,3BA5FB1B,Expenses,7788.32,0.0
L0137,2026-07-04,Gomez-Long,Customizable 6thgeneration process improvement,6577.99,USD,F19BA870,Expenses,6577.99,0.0
L0138,2026-07-09,Edwards-Carney,Visionary foreground middleware,6672.59,USD,72856FE6,Expenses,6672.59,0.0
L0139,2026-08-16,"Fernandez, Mayo and Miller",Object-based well-modulated contingency,7934.9,USD,99DB712E,Expenses,7934.9,0.0
L0140,2026-08-12,jones and sons,Re-engineered systematic model,603.54,USD,A0B6E88E,Expenses,603.54,0.0
L0141,2026-06-30,"Curry, Mccoy and Mclean",Self-enabling discrete knowledge user,10787.55,USD,9BE5765A,Expenses,10787.55,0.0
L0142,2026-07-03,Google Cloud,Diverse logistical migration,8793.01,USD,B1A513EE,Expenses,8793.01,0.0
L0143,2026-07-09,Calderon Inc,Diverse stable process improvement,12926.72,USD,FD68536F,Expenses,12926.72,0.0
L0144,2026-08-21,Gomez LLC,Progressive methodical leverage,13964.8,USD,46BC6518,Expenses,13964.8,0.0
L0145,2026-06-28,Rodriguez-Ellis,Focused object-oriented migration,10209.4,USD,4738FFE2,Expenses,10209.4,0.0
L0146,2026-08-07,"Williams, Hanson and Wong",Expanded encompassing matrices,9538.13,USD,EA4B2D4B,Expenses,9538.13,0.0
L0147,2026-08-13,Hughes-Pierce,Persevering didactic capability,1077.38,USD,5497A702,Expenses,1077.38,0.0
L0148,2026-07-13,Microsoft Azure,Quality-focused bifurcated orchestration,6850.32,USD,BDC2DF49,Expenses,6850.32,0.0
L0149,2026-08-14,DigitalOcean,Up-sized 3rdgeneration neural-net,12754.28,USD,45EA7703,Expenses,12754.28,0.0
